coo: 25.4924552_81.8638651,E 08:00:00,A 08:00:00,E 09:00:00,A 09:00:00,E 10:00:00,A 10:00:00,E 11:00:00,A 11:00:00,E 12:00:00,A 12:00:00,E 13:00:00,A 13:00:00,E 14:00:00,A 14:00:00,E 15:00:00,A 15:00:00,E 16:00:00,A 16:00:00,E 17:00:00,A 17:00:00,E 18:00:00,A 18:00:00,,,,,,,,,,
01-01-2023,7.46,119.97,18.69,128.23,28.53,138.8,36.21,152.39,40.72,169.08,41.14,187.36,37.4,204.55,30.26,218.79,20.77,229.92,9.77,238.57,--,--,,,,,,,,,,
02-01-2023,7.42,119.85,18.66,128.08,28.52,138.64,36.24,152.22,40.78,168.92,41.24,187.24,37.52,204.47,30.39,218.75,20.91,229.91,9.91,238.59,--,--,,,,,,,,,,
03-01-2023,7.37,119.71,18.63,127.94,28.52,138.48,36.27,152.05,40.85,168.76,41.35,187.11,37.65,204.39,30.53,218.72,21.05,229.91,10.05,238.61,--,--,,,,,,,,,,
04-01-2023,7.33,119.57,18.61,127.79,28.53,138.32,36.31,151.88,40.93,168.59,41.46,186.99,37.78,204.32,30.67,218.7,21.2,229.92,10.2,238.63,--,--,,,,,,,,,,
05-01-2023,7.3,119.42,18.6,127.63,28.54,138.15,36.36,151.7,41.01,168.43,41.58,186.86,37.92,204.26,30.82,218.68,21.35,229.93,10.34,238.67,--,--,,,,,,,,,,
06-01-2023,7.27,119.27,18.59,127.47,28.56,137.97,36.41,151.53,41.1,168.27,41.7,186.75,38.07,204.2,30.98,218.67,21.5,229.95,10.49,238.71,--,--,,,,,,,,,,
07-01-2023,7.25,119.11,18.59,127.3,28.59,137.8,36.47,151.34,41.2,168.1,41.84,186.63,38.22,204.14,31.13,218.66,21.66,229.98,10.64,238.76,--,--,,,,,,,,,,
08-01-2023,7.23,118.95,18.59,127.13,28.62,137.61,36.54,151.16,41.31,167.94,41.98,186.52,38.38,204.09,31.3,218.66,21.82,230.01,10.8,238.81,--,--,,,,,,,,,,
09-01-2023,7.22,118.78,18.6,126.95,28.66,137.43,36.61,150.97,41.42,167.78,42.12,186.41,38.54,204.05,31.47,218.67,21.98,230.05,10.96,238.88,--,--,,,,,,,,,,
10-01-2023,7.21,118.61,18.62,126.77,28.7,137.24,36.69,150.78,41.54,167.61,42.28,186.3,38.71,204.01,31.64,218.68,22.15,230.1,11.12,238.95,--,--,,,,,,,,,,
11-01-2023,7.21,118.43,18.64,126.59,28.75,137.05,36.78,150.59,41.67,167.45,42.44,186.2,38.89,203.98,31.82,218.71,22.32,230.16,11.28,239.02,-0.74,246.09,,,,,,,,,,
12-01-2023,7.21,118.25,18.66,126.4,28.81,136.85,36.88,150.4,41.81,167.28,42.6,186.1,39.07,203.95,32,218.74,22.49,230.22,11.44,239.11,-0.58,246.19,,,,,,,,,,
13-01-2023,7.22,118.06,18.7,126.2,28.87,136.65,36.98,150.2,41.95,167.12,42.78,186,39.26,203.93,32.18,218.77,22.67,230.29,11.61,239.2,-0.43,246.3,,,,,,,,,,
14-01-2023,7.23,117.87,18.73,126.01,28.94,136.44,37.09,150,42.1,166.95,42.96,185.91,39.45,203.91,32.37,218.81,22.85,230.37,11.77,239.3,-0.27,246.41,,,,,,,,,,
15-01-2023,7.25,117.67,18.78,125.8,29.02,136.23,37.2,149.8,42.26,166.79,43.14,185.82,39.65,203.9,32.57,218.86,23.03,230.45,11.94,239.41,-0.12,246.54,,,,,,,,,,
16-01-2023,7.28,117.47,18.83,125.6,29.1,136.02,37.33,149.6,42.42,166.63,43.34,185.73,39.85,203.9,32.77,218.92,23.22,230.55,12.12,239.52,0.04,246.67,,,,,,,,,,
17-01-2023,7.31,117.26,18.88,125.38,29.19,135.81,37.45,149.39,42.59,166.46,43.54,185.65,40.06,203.9,32.97,218.99,23.4,230.65,12.29,239.64,0.2,246.8,,,,,,,,,,
18-01-2023,7.34,117.05,18.95,125.17,29.28,135.59,37.59,149.18,42.76,166.3,43.74,185.57,40.28,203.91,33.17,219.06,23.59,230.75,12.46,239.77,0.36,246.94,,,,,,,,,,
19-01-2023,7.38,116.84,19.01,124.95,29.39,135.37,37.73,148.97,42.95,166.14,43.95,185.49,40.49,203.93,33.38,219.14,23.79,230.87,12.64,239.9,0.52,247.09,,,,,,,,,,
20-01-2023,7.43,116.62,19.09,124.73,29.49,135.14,37.88,148.76,43.14,165.98,44.17,185.42,40.72,203.95,33.59,219.23,23.98,230.99,12.81,240.04,0.68,247.25,,,,,,,,,,
21-01-2023,7.48,116.39,19.17,124.5,29.61,134.92,38.03,148.55,43.33,165.81,44.4,185.35,40.94,203.98,33.81,219.32,24.18,231.12,12.99,240.19,0.85,247.41,,,,,,,,,,
22-01-2023,7.54,116.16,19.25,124.27,29.73,134.68,38.19,148.33,43.54,165.65,44.63,185.29,41.18,204.02,34.03,219.43,24.38,231.26,13.17,240.35,1.01,247.59,,,,,,,,,,
23-01-2023,7.6,115.93,19.34,124.04,29.85,134.45,38.36,148.12,43.74,165.49,44.86,185.23,41.41,204.07,34.25,219.54,24.58,231.41,13.35,240.51,1.17,247.76,,,,,,,,,,
24-01-2023,7.67,115.7,19.44,123.8,29.98,134.21,38.53,147.9,43.96,165.34,45.1,185.18,41.66,204.12,34.47,219.66,24.78,231.56,13.53,240.68,1.33,247.95,,,,,,,,,,
25-01-2023,7.74,115.46,19.54,123.56,30.12,133.97,38.71,147.68,44.18,165.18,45.35,185.13,41.9,204.17,34.7,219.78,24.98,231.72,13.71,240.86,1.49,248.14,,,,,,,,,,
26-01-2023,7.82,115.22,19.64,123.32,30.26,133.73,38.9,147.46,44.41,165.02,45.6,185.08,42.15,204.24,34.93,219.92,25.19,231.89,13.89,241.04,1.66,248.33,,,,,,,,,,
27-01-2023,7.9,114.97,19.76,123.07,30.41,133.49,39.09,147.23,44.64,164.86,45.86,185.04,42.4,204.31,35.16,220.06,25.39,232.06,14.08,241.24,1.82,248.54,,,,,,,,,,
28-01-2023,7.99,114.72,19.87,122.82,30.56,133.24,39.29,147.01,44.88,164.71,46.12,185,42.66,204.39,35.39,220.21,25.6,232.24,14.26,241.43,1.98,248.75,,,,,,,,,,
29-01-2023,8.09,114.47,20,122.57,30.72,132.99,39.49,146.78,45.13,164.55,46.39,184.97,42.92,204.48,35.63,220.37,25.81,232.43,14.44,241.64,2.14,248.96,,,,,,,,,,
30-01-2023,8.19,114.21,20.13,122.31,30.89,132.74,39.7,146.55,45.38,164.4,46.66,184.94,43.19,204.57,35.87,220.53,26.02,232.63,14.63,241.85,2.31,249.18,,,,,,,,,,
31-01-2023,8.29,113.95,20.26,122.05,31.06,132.48,39.92,146.32,45.64,164.25,46.94,184.92,43.46,204.68,36.11,220.71,26.23,232.83,14.81,242.07,2.47,249.41,,,,,,,,,,
01-02-2023,8.4,113.69,20.4,121.79,31.24,132.22,40.14,146.09,45.9,164.09,47.22,184.9,43.73,204.79,36.35,220.89,26.44,233.05,14.99,242.29,2.63,249.65,,,,,,,,,,
02-02-2023,8.52,113.42,20.54,121.52,31.42,131.96,40.36,145.86,46.17,163.94,47.51,184.89,44,204.9,36.6,221.08,26.65,233.27,15.17,242.52,2.79,249.89,,,,,,,,,,
03-02-2023,8.64,113.15,20.69,121.26,31.6,131.7,40.59,145.62,46.44,163.79,47.8,184.89,44.28,205.03,36.84,221.28,26.86,233.49,15.36,242.76,2.95,250.13,,,,,,,,,,
04-02-2023,8.76,112.88,20.85,120.98,31.8,131.43,40.83,145.39,46.72,163.64,48.1,184.88,44.56,205.16,37.09,221.48,27.07,233.73,15.54,243,3.11,250.38,,,,,,,,,,
05-02-2023,8.89,112.61,21.01,120.71,31.99,131.17,41.07,145.15,47,163.5,48.4,184.89,44.85,205.3,37.34,221.7,27.28,233.97,15.72,243.25,3.27,250.64,,,,,,,,,,
06-02-2023,9.03,112.33,21.17,120.44,32.2,130.9,41.32,144.91,47.29,163.35,48.71,184.9,45.13,205.45,37.59,221.92,27.5,234.22,15.9,243.51,3.43,250.9,,,,,,,,,,
07-02-2023,9.17,112.05,21.34,120.16,32.4,130.62,41.57,144.67,47.58,163.21,49.02,184.91,45.42,205.61,37.84,222.15,27.71,234.47,16.08,243.77,3.58,251.17,,,,,,,,,,
08-02-2023,9.31,111.77,21.51,119.88,32.61,130.35,41.83,144.43,47.88,163.06,49.33,184.93,45.72,205.78,38.09,222.39,27.92,234.73,16.26,244.04,3.74,251.45,,,,,,,,,,
09-02-2023,9.46,111.49,21.69,119.59,32.83,130.07,42.09,144.19,48.19,162.92,49.65,184.96,46.01,205.95,38.34,222.64,28.13,235,16.44,244.32,3.89,251.73,,,,,,,,,,
10-02-2023,9.61,111.2,21.87,119.31,33.05,129.79,42.36,143.94,48.49,162.78,49.97,184.99,46.31,206.14,38.6,222.89,28.34,235.28,16.62,244.6,4.05,252.01,,,,,,,,,,
11-02-2023,9.77,110.91,22.06,119.02,33.27,129.51,42.63,143.7,48.81,162.64,50.3,185.03,46.61,206.33,38.85,223.16,28.56,235.56,16.8,244.88,4.2,252.3,,,,,,,,,,
12-02-2023,9.93,110.62,22.25,118.73,33.5,129.23,42.9,143.45,49.12,162.5,50.62,185.07,46.91,206.53,39.1,223.43,28.77,235.85,16.98,245.18,4.35,252.6,,,,,,,,,,
13-02-2023,10.1,110.33,22.45,118.44,33.74,128.94,43.18,143.2,49.44,162.36,50.96,185.12,47.21,206.74,39.36,223.71,28.98,236.15,17.16,245.47,4.51,252.9,,,,,,,,,,
14-02-2023,10.27,110.03,22.64,118.15,33.97,128.65,43.46,142.95,49.77,162.22,51.29,185.17,47.51,206.96,39.61,224,29.19,236.45,17.33,245.78,4.66,253.2,,,,,,,,,,
15-02-2023,10.45,109.74,22.85,117.85,34.22,128.36,43.75,142.69,50.1,162.08,51.63,185.23,47.82,207.18,39.87,224.29,29.4,236.76,17.5,246.08,4.8,253.51,,,,,,,,,,
16-02-2023,10.63,109.44,23.06,117.55,34.46,128.07,44.04,142.44,50.43,161.95,51.97,185.3,48.12,207.42,40.12,224.6,29.6,237.08,17.68,246.4,4.95,253.82,,,,,,,,,,
17-02-2023,10.81,109.14,23.27,117.25,34.71,127.77,44.34,142.18,50.77,161.82,52.32,185.38,48.43,207.66,40.38,224.91,29.81,237.4,17.85,246.72,5.1,254.14,,,,,,,,,,
18-02-2023,11,108.83,23.48,116.95,34.96,127.48,44.64,141.92,51.11,161.68,52.67,185.46,48.74,207.92,40.63,225.23,30.02,237.73,18.02,247.04,5.24,254.46,,,,,,,,,,
19-02-2023,11.19,108.53,23.7,116.64,35.22,127.18,44.94,141.67,51.46,161.55,53.02,185.54,49.05,208.18,40.88,225.56,30.22,238.07,18.19,247.37,5.39,254.79,,,,,,,,,,
20-02-2023,11.38,108.22,23.92,116.34,35.48,126.88,45.25,141.4,51.81,161.42,53.37,185.64,49.36,208.45,41.14,225.89,30.43,238.41,18.36,247.7,5.53,255.12,,,,,,,,,,
21-02-2023,11.58,107.92,24.15,116.03,35.74,126.57,45.56,141.14,52.16,161.29,53.73,185.74,49.67,208.73,41.39,226.24,30.63,238.76,18.52,248.04,5.67,255.45,,,,,,,,,,
22-02-2023,11.78,107.61,24.37,115.72,36.01,126.27,45.87,140.87,52.51,161.16,54.09,185.84,49.99,209.02,41.64,226.59,30.83,239.11,18.69,248.38,5.81,255.79,,,,,,,,,,
23-02-2023,11.98,107.3,24.6,115.41,36.27,125.96,46.19,140.61,52.87,161.03,54.45,185.96,50.3,209.32,41.89,226.95,31.03,239.47,18.85,248.73,5.95,256.13,,,,,,,,,,
24-02-2023,12.19,106.98,24.84,115.09,36.55,125.65,46.5,140.34,53.23,160.9,54.81,186.08,50.61,209.63,42.14,227.32,31.23,239.83,19.01,249.08,6.09,256.48,,,,,,,,,,
25-02-2023,12.4,106.67,25.08,114.78,36.82,125.33,46.83,140.06,53.6,160.77,55.17,186.2,50.92,209.95,42.39,227.69,31.42,240.2,19.17,249.44,6.22,256.83,,,,,,,,,,
26-02-2023,12.61,106.36,25.32,114.46,37.1,125.02,47.15,139.79,53.96,160.65,55.54,186.34,51.24,210.28,42.64,228.07,31.62,240.58,19.33,249.8,6.36,257.18,,,,,,,,,,
27-02-2023,12.83,106.04,25.56,114.14,37.38,124.7,47.48,139.51,54.33,160.52,55.91,186.48,51.55,210.61,42.88,228.46,31.81,240.96,19.49,250.16,6.49,257.54,,,,,,,,,,
28-02-2023,13.05,105.72,25.8,113.82,37.66,124.38,47.81,139.23,54.7,160.39,56.28,186.63,51.86,210.96,43.13,228.86,32,241.35,19.64,250.53,6.62,257.9,,,,,,,,,,
01-03-2023,13.27,105.4,26.05,113.49,37.94,124.06,48.14,138.95,55.08,160.27,56.65,186.78,52.18,211.32,43.37,229.26,32.19,241.74,19.8,250.9,6.75,258.26,,,,,,,,,,
02-03-2023,13.49,105.08,26.3,113.17,38.23,123.73,48.47,138.67,55.46,160.14,57.02,186.95,52.49,211.68,43.61,229.68,32.38,242.13,19.95,251.28,6.88,258.62,,,,,,,,,,
03-03-2023,13.72,104.76,26.55,112.84,38.51,123.4,48.81,138.38,55.84,160.02,57.4,187.12,52.8,212.06,43.85,230.09,32.57,242.54,20.1,251.66,7.01,258.99,,,,,,,,,,
04-03-2023,13.95,104.44,26.8,112.51,38.8,123.07,49.14,138.09,56.22,159.89,57.77,187.3,53.11,212.44,44.09,230.52,32.75,242.94,20.24,252.04,7.13,259.36,,,,,,,,,,
05-03-2023,14.18,104.12,27.06,112.18,39.09,122.74,49.48,137.79,56.6,159.77,58.15,187.49,53.42,212.84,44.32,230.95,32.93,243.35,20.39,252.42,7.26,259.73,,,,,,,,,,
06-03-2023,14.41,103.79,27.31,111.85,39.39,122.41,49.82,137.5,56.98,159.64,58.53,187.68,53.73,213.24,44.56,231.39,33.11,243.77,20.54,252.81,7.38,260.1,,,,,,,,,,
07-03-2023,14.65,103.47,27.57,111.52,39.68,122.07,50.16,137.2,57.37,159.52,58.91,187.88,54.03,213.66,44.79,231.84,33.29,244.18,20.68,253.2,7.5,260.48,,,,,,,,,,
08-03-2023,14.88,103.14,27.83,111.18,39.97,121.73,50.51,136.89,57.76,159.39,59.29,188.09,54.34,214.08,45.02,232.29,33.47,244.61,20.82,253.6,7.62,260.86,,,,,,,,,,
09-03-2023,15.12,102.82,28.09,110.85,40.27,121.38,50.85,136.59,58.15,159.27,59.66,188.31,54.64,214.52,45.25,232.75,33.64,245.03,20.96,253.99,7.74,261.24,,,,,,,,,,
10-03-2023,15.36,102.49,28.35,110.51,40.56,121.04,51.2,136.28,58.54,159.14,60.04,188.54,54.95,214.96,45.47,233.21,33.81,245.46,21.1,254.39,7.86,261.62,,,,,,,,,,
11-03-2023,15.6,102.16,28.61,110.17,40.86,120.69,51.54,135.96,58.93,159.02,60.42,188.78,55.25,215.41,45.69,233.68,33.98,245.9,21.23,254.79,7.98,262.01,,,,,,,,,,
12-03-2023,15.84,101.83,28.87,109.83,41.16,120.34,51.89,135.65,59.32,158.89,60.8,189.02,55.55,215.88,45.91,234.16,34.15,246.33,21.37,255.19,8.09,262.39,,,,,,,,,,
13-03-2023,16.08,101.5,29.14,109.49,41.46,119.98,52.23,135.32,59.72,158.76,61.18,189.27,55.84,216.35,46.13,234.64,34.31,246.77,21.5,255.6,8.21,262.78,,,,,,,,,,
14-03-2023,16.32,101.17,29.4,109.14,41.75,119.63,52.58,135,60.11,158.63,61.56,189.54,56.14,216.83,46.35,235.13,34.47,247.22,21.63,256.01,8.32,263.17,,,,,,,,,,
15-03-2023,16.57,100.84,29.66,108.79,42.05,119.27,52.93,134.67,60.51,158.5,61.94,189.81,56.43,217.32,46.56,235.62,34.63,247.66,21.76,256.41,8.43,263.56,,,,,,,,,,
16-03-2023,16.81,100.51,29.93,108.45,42.35,118.9,53.28,134.33,60.9,158.36,62.32,190.09,56.72,217.83,46.77,236.12,34.79,248.11,21.88,256.82,8.54,263.95,,,,,,,,,,
17-03-2023,17.05,100.17,30.19,108.1,42.65,118.54,53.62,133.99,61.3,158.23,62.7,190.38,57.01,218.34,46.98,236.62,34.94,248.56,22.01,257.24,8.65,264.34,,,,,,,,,,
18-03-2023,17.3,99.84,30.46,107.75,42.94,118.17,53.97,133.65,61.7,158.09,63.08,190.68,57.3,218.86,47.18,237.13,35.1,249.02,22.13,257.65,8.76,264.73,,,,,,,,,,
19-03-2023,17.54,99.51,30.72,107.39,43.24,117.8,54.32,133.3,62.09,157.96,63.46,190.98,57.58,219.39,47.38,237.64,35.25,249.47,22.25,258.06,8.87,265.12,,,,,,,,,,
20-03-2023,17.79,99.17,30.98,107.04,43.54,117.42,54.66,132.95,62.49,157.81,63.83,191.3,57.86,219.93,47.58,238.16,35.4,249.93,22.37,258.48,8.98,265.51,,,,,,,,,,
21-03-2023,18.03,98.84,31.25,106.68,43.83,117.05,55.01,132.59,62.89,157.67,64.21,191.63,58.14,220.47,47.78,238.68,35.54,250.39,22.49,258.89,9.08,265.91,,,,,,,,,,
22-03-2023,18.28,98.5,31.51,106.33,44.13,116.67,55.35,132.23,63.28,157.53,64.58,191.97,58.42,221.03,47.97,239.21,35.69,250.85,22.61,259.31,9.19,266.3,,,,,,,,,,
23-03-2023,18.52,98.16,31.77,105.97,44.42,116.28,55.69,131.86,63.68,157.38,64.96,192.32,58.69,221.6,48.16,239.74,35.83,251.32,22.72,259.73,9.29,266.69,,,,,,,,,,
24-03-2023,18.77,97.83,32.03,105.61,44.71,115.89,56.04,131.48,64.08,157.22,65.33,192.67,58.96,222.17,48.35,240.27,35.97,251.78,22.84,260.14,9.39,267.08,,,,,,,,,,
25-03-2023,19.01,97.49,32.29,105.25,45,115.5,56.38,131.1,64.47,157.07,65.7,193.04,59.23,222.75,48.53,240.81,36.1,252.25,22.95,260.56,9.49,267.48,,,,,,,,,,
26-03-2023,19.25,97.15,32.55,104.89,45.29,115.11,56.71,130.71,64.86,156.91,66.07,193.42,59.49,223.35,48.71,241.35,36.24,252.71,23.06,260.98,9.6,267.87,,,,,,,,,,
27-03-2023,19.49,96.82,32.8,104.52,45.58,114.72,57.05,130.32,65.26,156.75,66.43,193.81,59.75,223.95,48.89,241.89,36.37,253.18,23.17,261.4,9.7,268.26,,,,,,,,,,
28-03-2023,19.73,96.48,33.06,104.16,45.86,114.32,57.39,129.92,65.65,156.58,66.8,194.21,60,224.55,49.06,242.44,36.5,253.65,23.28,261.81,9.8,268.65,,,,,,,,,,
29-03-2023,19.97,96.14,33.31,103.79,46.14,113.91,57.72,129.52,66.04,156.41,67.16,194.63,60.26,225.17,49.24,242.98,36.63,254.12,23.38,262.23,9.89,269.04,,,,,,,,,,
30-03-2023,20.21,95.8,33.57,103.42,46.42,113.51,58.05,129.11,66.43,156.23,67.52,195.05,60.51,225.79,49.4,243.53,36.75,254.59,23.49,262.65,9.99,269.43,,,,,,,,,,
31-03-2023,20.45,95.46,33.82,103.06,46.7,113.1,58.38,128.69,66.82,156.05,67.88,195.48,60.75,226.43,49.57,244.09,36.88,255.05,23.59,263.06,10.09,269.82,,,,,,,,,,
01-04-2023,20.68,95.13,34.06,102.69,46.98,112.69,58.7,128.26,67.21,155.86,68.24,195.93,60.99,227.06,49.73,244.64,37,255.52,23.7,263.48,10.19,270.21,,,,,,,,,,
02-04-2023,20.91,94.79,34.31,102.32,47.25,112.27,59.03,127.83,67.59,155.66,68.6,196.39,61.23,227.71,49.89,245.19,37.12,255.99,23.8,263.89,10.28,270.6,,,,,,,,,,
03-04-2023,21.15,94.45,34.55,101.94,47.52,111.85,59.35,127.39,67.98,155.46,68.95,196.86,61.47,228.36,50.05,245.75,37.24,256.46,23.9,264.3,10.38,270.98,,,,,,,,,,
04-04-2023,21.38,94.11,34.79,101.57,47.79,111.43,59.66,126.95,68.36,155.25,69.3,197.34,61.7,229.02,50.2,246.31,37.35,256.93,24,264.72,10.48,271.36,,,,,,,,,,
05-04-2023,21.6,93.77,35.03,101.2,48.05,111.01,59.98,126.49,68.74,155.04,69.64,197.84,61.92,229.69,50.36,246.87,37.47,257.39,24.09,265.13,10.57,271.75,,,,,,,,,,
06-04-2023,21.83,93.44,35.27,100.82,48.31,110.58,60.29,126.03,69.11,154.81,69.99,198.35,62.15,230.36,50.5,247.43,37.58,257.86,24.19,265.54,10.67,272.13,,,,,,,,,,
07-04-2023,22.05,93.1,35.5,100.45,48.57,110.15,60.6,125.57,69.49,154.58,70.33,198.87,62.36,231.03,50.65,247.99,37.69,258.32,24.29,265.94,10.76,272.5,,,,,,,,,,
08-04-2023,22.27,92.76,35.73,100.07,48.83,109.72,60.9,125.09,69.86,154.34,70.67,199.4,62.58,231.72,50.79,248.55,37.8,258.78,24.38,266.35,10.85,272.88,,,,,,,,,,
09-04-2023,22.49,92.42,35.96,99.7,49.08,109.29,61.2,124.61,70.23,154.09,71,199.95,62.79,232.4,50.93,249.1,37.9,259.24,24.48,266.75,10.95,273.25,,,,,,,,,,
10-04-2023,22.71,92.09,36.18,99.32,49.32,108.85,61.49,124.12,70.6,153.84,71.33,200.51,63,233.1,51.07,249.66,38.01,259.7,24.57,267.15,11.04,273.63,,,,,,,,,,
11-04-2023,22.92,91.75,36.4,98.95,49.57,108.41,61.79,123.62,70.96,153.57,71.66,201.08,63.2,233.79,51.2,250.22,38.11,260.16,24.66,267.55,11.13,274,,,,,,,,,,
12-04-2023,23.13,91.42,36.62,98.57,49.81,107.97,62.07,123.12,71.33,153.29,71.98,201.67,63.4,234.49,51.33,250.78,38.21,260.62,24.75,267.95,11.23,274.36,,,,,,,,,,
13-04-2023,23.34,91.08,36.83,98.19,50.04,107.53,62.36,122.6,71.68,152.99,72.3,202.27,63.59,235.2,51.46,251.33,38.32,261.07,24.84,268.34,11.32,274.73,,,,,,,,,,
14-04-2023,23.54,90.75,37.04,97.81,50.27,107.08,62.63,122.08,72.04,152.69,72.62,202.88,63.78,235.91,51.59,251.89,38.41,261.52,24.93,268.74,11.41,275.09,,,,,,,,,,
15-04-2023,23.74,90.42,37.25,97.44,50.5,106.63,62.91,121.56,72.39,152.37,72.93,203.51,63.97,236.62,51.71,252.44,38.51,261.97,25.02,269.13,11.5,275.45,,,,,,,,,,
16-04-2023,23.94,90.09,37.45,97.06,50.72,106.18,63.18,121.02,72.74,152.04,73.24,204.15,64.15,237.33,51.83,252.99,38.61,262.41,25.11,269.51,11.6,275.8,,,,,,,,,,
17-04-2023,24.13,89.76,37.65,96.68,50.94,105.73,63.44,120.48,73.08,151.7,73.55,204.81,64.33,238.04,51.95,253.54,38.7,262.86,25.2,269.89,11.69,276.16,,,,,,,,,,
18-04-2023,24.32,89.43,37.85,96.31,51.15,105.28,63.7,119.93,73.42,151.34,73.85,205.48,64.51,238.76,52.07,254.08,38.79,263.3,25.29,270.28,11.78,276.51,,,,,,,,,,
19-04-2023,24.51,89.1,38.04,95.93,51.36,104.82,63.95,119.37,73.76,150.97,74.15,206.17,64.68,239.48,52.18,254.62,38.89,263.73,25.37,270.65,11.87,276.85,,,,,,,,,,
20-04-2023,24.7,88.77,38.23,95.56,51.57,104.37,64.2,118.81,74.09,150.58,74.44,206.87,64.85,240.2,52.29,255.16,38.98,264.16,25.46,271.03,11.97,277.2,,,,,,,,,,
21-04-2023,24.88,88.45,38.41,95.18,51.77,103.91,64.44,118.24,74.42,150.17,74.73,207.58,65.01,240.91,52.4,255.7,39.07,264.59,25.55,271.4,12.06,277.54,,,,,,,,,,
22-04-2023,25.05,88.12,38.59,94.81,51.96,103.46,64.68,117.66,74.74,149.75,75.01,208.31,65.17,241.63,52.51,256.23,39.16,265.02,25.63,271.76,12.15,277.87,,,,,,,,,,
23-04-2023,25.23,87.8,38.76,94.44,52.15,103,64.91,117.08,75.06,149.3,75.29,209.06,65.32,242.35,52.61,256.76,39.24,265.44,25.72,272.13,12.24,278.2,,,,,,,,,,
24-04-2023,25.39,87.48,38.93,94.07,52.33,102.54,65.13,116.49,75.37,148.84,75.57,209.82,65.48,243.07,52.71,257.29,39.33,265.86,25.8,272.48,12.33,278.53,,,,,,,,,,
25-04-2023,25.56,87.16,39.1,93.7,52.51,102.08,65.35,115.9,75.68,148.36,75.84,210.59,65.62,243.78,52.82,257.81,39.41,266.27,25.89,272.84,12.43,278.86,,,,,,,,,,
26-04-2023,25.72,86.84,39.26,93.33,52.69,101.63,65.56,115.3,75.98,147.85,76.1,211.38,65.77,244.49,52.91,258.32,39.5,266.68,25.97,273.19,12.52,279.18,,,,,,,,,,
27-04-2023,25.88,86.53,39.42,92.96,52.86,101.17,65.77,114.69,76.28,147.33,76.36,212.18,65.91,245.21,53.01,258.83,39.58,267.08,26.05,273.54,12.61,279.5,,,,,,,,,,
28-04-2023,26.03,86.22,39.57,92.6,53.02,100.71,65.97,114.08,76.58,146.78,76.62,213,66.05,245.91,53.11,259.34,39.67,267.48,26.14,273.88,12.7,279.81,,,,,,,,,,
29-04-2023,26.18,85.91,39.72,92.23,53.18,100.26,66.16,113.47,76.86,146.21,76.87,213.83,66.18,246.62,53.2,259.84,39.75,267.88,26.22,274.22,12.8,280.12,,,,,,,,,,
30-04-2023,26.33,85.6,39.86,91.87,53.33,99.81,66.35,112.85,77.14,145.62,77.12,214.68,66.31,247.32,53.29,260.34,39.83,268.27,26.3,274.55,12.89,280.42,,,,,,,,,,
01-05-2023,26.47,85.29,40,91.52,53.48,99.35,66.53,112.23,77.42,145,77.36,215.54,66.44,248.01,53.38,260.83,39.91,268.65,26.39,274.88,12.98,280.72,,,,,,,,,,
02-05-2023,26.6,84.99,40.14,91.16,53.62,98.9,66.71,111.61,77.69,144.35,77.59,216.41,66.56,248.71,53.47,261.31,39.99,269.03,26.47,275.2,13.08,281.01,,,,,,,,,,
03-05-2023,26.74,84.69,40.26,90.81,53.76,98.46,66.88,110.98,77.95,143.68,77.83,217.3,66.68,249.39,53.56,261.79,40.07,269.41,26.55,275.52,13.17,281.3,,,,,,,,,,
04-05-2023,26.87,84.39,40.39,90.46,53.89,98.01,67.04,110.36,78.21,142.98,78.05,218.2,66.8,250.07,53.65,262.26,40.15,269.78,26.64,275.84,13.26,281.59,,,,,,,,,,
05-05-2023,26.99,84.1,40.51,90.11,54.02,97.57,67.19,109.73,78.46,142.26,78.27,219.11,66.92,250.75,53.73,262.73,40.23,270.14,26.72,276.15,13.35,281.87,,,,,,,,,,
06-05-2023,27.11,83.81,40.62,89.77,54.14,97.13,67.34,109.1,78.7,141.51,78.49,220.03,67.03,251.41,53.81,263.19,40.31,270.5,26.8,276.45,13.45,282.14,,,,,,,,,,
07-05-2023,27.22,83.52,40.74,89.43,54.25,96.69,67.48,108.47,78.93,140.73,78.7,220.96,67.14,252.08,53.9,263.64,40.38,270.85,26.88,276.75,13.54,282.41,,,,,,,,,,
08-05-2023,27.33,83.23,40.84,89.09,54.36,96.26,67.62,107.84,79.16,139.92,78.9,221.9,67.24,252.73,53.98,264.09,40.46,271.2,26.96,277.04,13.63,282.68,,,,,,,,,,
09-05-2023,27.44,82.95,40.94,88.76,54.47,95.83,67.75,107.22,79.38,139.08,79.1,222.85,67.35,253.37,54.06,264.53,40.54,271.53,27.05,277.33,13.73,282.94,,,,,,,,,,
10-05-2023,27.54,82.68,41.04,88.43,54.57,95.4,67.87,106.59,79.6,138.22,79.3,223.81,67.45,254.01,54.14,264.96,40.61,271.87,27.13,277.61,13.82,283.19,,,,,,,,,,
11-05-2023,27.64,82.4,41.13,88.11,54.66,94.98,67.99,105.97,79.8,137.33,79.49,224.78,67.55,254.64,54.21,265.38,40.69,272.2,27.21,277.89,13.91,283.44,,,,,,,,,,
12-05-2023,27.73,82.13,41.22,87.79,54.75,94.57,68.1,105.35,80,136.41,79.67,225.76,67.65,255.26,54.29,265.8,40.76,272.52,27.29,278.16,14.01,283.69,,,,,,,,,,
13-05-2023,27.82,81.87,41.3,87.47,54.84,94.16,68.2,104.74,80.19,135.46,79.85,226.74,67.74,255.87,54.37,266.2,40.84,272.83,27.37,278.43,14.1,283.92,,,,,,,,,,
14-05-2023,27.91,81.61,41.38,87.16,54.91,93.75,68.29,104.13,80.37,134.49,80.03,227.72,67.83,256.47,54.44,266.6,40.91,273.14,27.46,278.68,14.19,284.16,,,,,,,,,,
15-05-2023,27.99,81.35,41.45,86.86,54.99,93.36,68.39,103.53,80.55,133.49,80.2,228.71,67.92,257.05,54.52,266.99,40.99,273.44,27.54,278.94,14.28,284.38,,,,,,,,,,
16-05-2023,28.06,81.1,41.52,86.56,55.06,92.96,68.47,102.93,80.71,132.48,80.36,229.7,68.01,257.63,54.59,267.38,41.06,273.73,27.62,279.18,14.38,284.6,,,,,,,,,,
17-05-2023,28.13,80.85,41.59,86.26,55.12,92.58,68.55,102.34,80.87,131.43,80.52,230.69,68.1,258.2,54.67,267.75,41.14,274.02,27.7,279.42,14.47,284.82,,,,,,,,,,
18-05-2023,28.2,80.61,41.65,85.97,55.18,92.2,68.62,101.76,81.02,130.37,80.67,231.68,68.18,258.75,54.74,268.12,41.21,274.3,27.78,279.66,14.56,285.03,,,,,,,,,,
19-05-2023,28.26,80.37,41.7,85.69,55.23,91.83,68.69,101.19,81.16,129.29,80.82,232.66,68.27,259.3,54.81,268.47,41.29,274.57,27.86,279.89,14.65,285.23,,,,,,,,,,
20-05-2023,28.32,80.13,41.75,85.41,55.28,91.46,68.75,100.63,81.29,128.2,80.97,233.64,68.35,259.83,54.88,268.82,41.36,274.83,27.94,280.11,14.74,285.43,,,,,,,,,,
21-05-2023,28.38,79.91,41.8,85.14,55.33,91.11,68.8,100.07,81.42,127.09,81.11,234.62,68.43,260.35,54.95,269.16,41.43,275.09,28.02,280.32,14.84,285.62,,,,,,,,,,
22-05-2023,28.43,79.68,41.84,84.87,55.37,90.76,68.85,99.53,81.53,125.97,81.25,235.59,68.51,260.85,55.02,269.49,41.5,275.34,28.1,280.53,14.93,285.81,,,,,,,,,,
23-05-2023,28.47,79.46,41.88,84.61,55.4,90.42,68.89,99,81.64,124.85,81.38,236.55,68.58,261.34,55.09,269.81,41.58,275.58,28.18,280.73,15.02,285.98,,,,,,,,,,
24-05-2023,28.52,79.25,41.91,84.36,55.43,90.09,68.93,98.48,81.74,123.72,81.51,237.5,68.66,261.82,55.16,270.11,41.65,275.82,28.26,280.93,15.11,286.16,,,,,,,,,,
25-05-2023,28.55,79.04,41.94,84.11,55.46,89.76,68.96,97.97,81.83,122.59,81.63,238.44,68.73,262.29,55.23,270.41,41.72,276.05,28.34,281.12,15.19,286.32,,,,,,,,,,
26-05-2023,28.59,78.84,41.97,83.87,55.48,89.45,68.99,97.48,81.91,121.47,81.75,239.36,68.81,262.74,55.3,270.7,41.79,276.26,28.42,281.3,15.28,286.48,,,,,,,,,,
27-05-2023,28.62,78.65,41.99,83.64,55.5,89.14,69.02,97,81.98,120.35,81.86,240.27,68.88,263.17,55.37,270.98,41.87,276.47,28.5,281.47,15.37,286.64,,,,,,,,,,
28-05-2023,28.65,78.46,42.01,83.42,55.52,88.85,69.03,96.53,82.05,119.24,81.97,241.15,68.95,263.59,55.43,271.25,41.94,276.68,28.58,281.64,15.46,286.78,,,,,,,,,,
29-05-2023,28.67,78.27,42.03,83.2,55.53,88.56,69.05,96.08,82.11,118.14,82.08,242.02,69.02,264,55.5,271.51,42.01,276.87,28.65,281.8,15.54,286.92,,,,,,,,,,
30-05-2023,28.69,78.1,42.04,82.99,55.53,88.28,69.06,95.64,82.16,117.07,82.19,242.87,69.09,264.39,55.57,271.76,42.08,277.06,28.73,281.95,15.63,287.06,,,,,,,,,,
31-05-2023,28.7,77.92,42.05,82.79,55.54,88.02,69.06,95.22,82.2,116.01,82.29,243.69,69.16,264.76,55.63,271.99,42.15,277.24,28.81,282.1,15.71,287.19,,,,,,,,,,
01-06-2023,28.71,77.76,42.05,82.59,55.54,87.76,69.06,94.82,82.24,114.98,82.39,244.48,69.23,265.12,55.7,272.22,42.22,277.4,28.88,282.24,15.8,287.31,,,,,,,,,,
02-06-2023,28.72,77.6,42.05,82.4,55.53,87.52,69.06,94.43,82.27,113.98,82.48,245.25,69.29,265.46,55.77,272.44,42.29,277.57,28.96,282.37,15.88,287.42,,,,,,,,,,
03-06-2023,28.72,77.45,42.05,82.22,55.52,87.28,69.06,94.06,82.29,113,82.57,245.99,69.36,265.78,55.83,272.64,42.35,277.72,29.03,282.5,15.96,287.53,,,,,,,,,,
04-06-2023,28.73,77.3,42.04,82.05,55.51,87.06,69.05,93.7,82.31,112.06,82.66,246.69,69.42,266.09,55.9,272.83,42.42,277.86,29.11,282.61,16.04,287.63,,,,,,,,,,
05-06-2023,28.72,77.16,42.03,81.89,55.5,86.84,69.03,93.37,82.32,111.16,82.75,247.36,69.49,266.38,55.96,273.02,42.49,278,29.18,282.72,16.12,287.72,,,,,,,,,,
06-06-2023,28.72,77.03,42.02,81.73,55.48,86.64,69.02,93.05,82.33,110.3,82.83,248,69.55,266.66,56.02,273.19,42.56,278.12,29.25,282.82,16.2,287.81,,,,,,,,,,
07-06-2023,28.71,76.9,42.01,81.58,55.47,86.45,69,92.74,82.33,109.48,82.91,248.59,69.62,266.91,56.09,273.35,42.62,278.24,29.32,282.92,16.27,287.89,,,,,,,,,,
08-06-2023,28.7,76.79,41.99,81.45,55.44,86.27,68.97,92.46,82.33,108.7,82.99,249.15,69.68,267.15,56.15,273.49,42.69,278.35,29.39,283.01,16.35,287.96,,,,,,,,,,
09-06-2023,28.68,76.67,41.97,81.32,55.42,86.1,68.95,92.19,82.32,107.96,83.06,249.67,69.74,267.37,56.21,273.63,42.75,278.45,29.46,283.08,16.42,288.03,,,,,,,,,,
10-06-2023,28.66,76.57,41.94,81.19,55.39,85.94,68.92,91.95,82.3,107.28,83.14,250.14,69.8,267.57,56.27,273.76,42.82,278.54,29.52,283.16,16.49,288.09,,,,,,,,,,
11-06-2023,28.64,76.47,41.92,81.08,55.36,85.8,68.89,91.72,82.29,106.64,83.21,250.57,69.86,267.76,56.33,273.87,42.88,278.62,29.59,283.22,16.56,288.14,,,,,,,,,,
12-06-2023,28.62,76.38,41.89,80.98,55.33,85.66,68.86,91.51,82.26,106.04,83.28,250.95,69.92,267.92,56.39,273.97,42.94,278.69,29.66,283.28,16.63,288.19,,,,,,,,,,
13-06-2023,28.59,76.3,41.86,80.88,55.3,85.54,68.82,91.32,82.24,105.5,83.34,251.28,69.98,268.07,56.45,274.06,43,278.76,29.72,283.33,16.69,288.23,,,,,,,,,,
14-06-2023,28.56,76.22,41.82,80.79,55.26,85.43,68.79,91.14,82.21,105.01,83.41,251.56,70.04,268.19,56.51,274.13,43.06,278.81,29.78,283.37,16.76,288.26,,,,,,,,,,
15-06-2023,28.53,76.15,41.79,80.71,55.22,85.33,68.75,90.99,82.18,104.57,83.47,251.79,70.09,268.3,56.56,274.2,43.12,278.86,29.84,283.4,16.82,288.29,,,,,,,,,,
16-06-2023,28.49,76.09,41.75,80.64,55.18,85.24,68.71,90.85,82.15,104.17,83.53,251.97,70.15,268.39,56.62,274.25,43.18,278.89,29.9,283.43,16.88,288.31,,,,,,,,,,
17-06-2023,28.46,76.03,41.71,80.58,55.14,85.17,68.66,90.74,82.11,103.83,83.59,252.09,70.2,268.46,56.68,274.29,43.23,278.92,29.96,283.45,16.94,288.32,,,,,,,,,,
18-06-2023,28.42,75.99,41.67,80.53,55.1,85.1,68.62,90.64,82.07,103.54,83.64,252.15,70.26,268.51,56.73,274.32,43.29,278.94,30.01,283.46,16.99,288.33,,,,,,,,,,
19-06-2023,28.38,75.95,41.63,80.49,55.05,85.05,68.57,90.56,82.03,103.3,83.7,252.16,70.31,268.54,56.78,274.34,43.34,278.95,30.06,283.46,17.05,288.33,,,,,,,,,,
20-06-2023,28.33,75.92,41.58,80.45,55.01,85.01,68.53,90.5,81.98,103.11,83.75,252.11,70.36,268.54,56.83,274.34,43.39,278.95,30.11,283.46,17.1,288.32,,,,,,,,,,
21-06-2023,28.29,75.89,41.53,80.43,54.96,84.98,68.48,90.46,81.94,102.96,83.8,251.99,70.41,268.53,56.88,274.33,43.44,278.94,30.16,283.45,17.14,288.3,,,,,,,,,,
22-06-2023,28.24,75.87,41.49,80.41,54.91,84.96,68.43,90.44,81.89,102.87,83.84,251.82,70.46,268.5,56.93,274.31,43.49,278.92,30.21,283.43,17.19,288.28,,,,,,,,,,
23-06-2023,28.19,75.86,41.44,80.41,54.86,84.96,68.38,90.43,81.84,102.82,83.89,251.58,70.51,268.45,56.98,274.28,43.54,278.89,30.26,283.4,17.23,288.25,,,,,,,,,,
24-06-2023,28.14,75.86,41.39,80.41,54.81,84.97,68.33,90.45,81.79,102.82,83.93,251.28,70.55,268.38,57.03,274.23,43.58,278.85,30.3,283.37,17.27,288.22,,,,,,,,,,
25-06-2023,28.09,75.87,41.33,80.42,54.76,84.98,68.28,90.48,81.73,102.87,83.97,250.92,70.6,268.29,57.07,274.17,43.62,278.8,30.34,283.32,17.31,288.18,,,,,,,,,,
26-06-2023,28.03,75.88,41.28,80.44,54.7,85.01,68.22,90.53,81.68,102.96,84,250.49,70.64,268.17,57.11,274.1,43.66,278.75,30.38,283.27,17.35,288.13,,,,,,,,,,
27-06-2023,27.98,75.9,41.22,80.47,54.65,85.06,68.17,90.6,81.62,103.1,84.03,250,70.68,268.04,57.15,274.02,43.7,278.68,30.41,283.22,17.38,288.08,,,,,,,,,,
28-06-2023,27.92,75.93,41.17,80.5,54.59,85.11,68.11,90.69,81.56,103.28,84.06,249.45,70.72,267.89,57.19,273.93,43.74,278.61,30.44,283.15,17.41,288.02,,,,,,,,,,
29-06-2023,27.86,75.96,41.11,80.55,54.54,85.17,68.06,90.79,81.51,103.5,84.08,248.83,70.75,267.71,57.22,273.82,43.77,278.53,30.47,283.08,17.43,287.95,,,,,,,,,,
30-06-2023,27.8,76.01,41.05,80.61,54.48,85.25,68,90.91,81.44,103.77,84.1,248.15,70.79,267.52,57.26,273.7,43.8,278.44,30.5,283,17.45,287.88,,,,,,,,,,
01-07-2023,27.74,76.06,40.99,80.67,54.42,85.34,67.95,91.05,81.38,104.08,84.12,247.41,70.82,267.3,57.29,273.57,43.83,278.34,30.53,282.92,17.47,287.8,,,,,,,,,,
02-07-2023,27.67,76.11,40.93,80.74,54.37,85.44,67.89,91.21,81.32,104.42,84.13,246.62,70.85,267.07,57.32,273.43,43.86,278.23,30.55,282.82,17.49,287.71,,,,,,,,,,
03-07-2023,27.61,76.18,40.87,80.83,54.31,85.55,67.83,91.38,81.25,104.81,84.13,245.76,70.88,266.81,57.35,273.27,43.88,278.11,30.57,282.72,17.5,287.62,,,,,,,,,,
04-07-2023,27.54,76.25,40.81,80.92,54.25,85.67,67.78,91.57,81.19,105.23,84.13,244.85,70.9,266.54,57.37,273.1,43.9,277.98,30.58,282.62,17.51,287.52,,,,,,,,,,
05-07-2023,27.48,76.33,40.75,81.01,54.19,85.8,67.72,91.78,81.12,105.69,84.13,243.89,70.92,266.24,57.39,272.92,43.92,277.85,30.59,282.5,17.52,287.42,,,,,,,,,,
06-07-2023,27.41,76.42,40.69,81.12,54.13,85.95,67.66,92.01,81.05,106.19,84.11,242.88,70.94,265.93,57.41,272.73,43.93,277.7,30.6,282.38,17.52,287.31,,,,,,,,,,
07-07-2023,27.34,76.52,40.62,81.24,54.07,86.1,67.6,92.25,80.98,106.72,84.1,241.83,70.95,265.6,57.42,272.53,43.94,277.55,30.61,282.25,17.52,287.19,,,,,,,,,,
08-07-2023,27.27,76.62,40.56,81.36,54.01,86.27,67.54,92.51,80.91,107.28,84.07,240.74,70.97,265.24,57.44,272.32,43.95,277.39,30.61,282.12,17.51,287.07,,,,,,,,,,
09-07-2023,27.2,76.73,40.49,81.5,53.95,86.45,67.48,92.78,80.83,107.88,84.04,239.61,70.97,264.87,57.45,272.09,43.96,277.22,30.61,281.97,17.5,286.94,,,,,,,,,,
10-07-2023,27.13,76.85,40.43,81.64,53.89,86.63,67.42,93.07,80.75,108.5,84,238.45,70.98,264.48,57.45,271.86,43.96,277.04,30.61,281.83,17.49,286.81,,,,,,,,,,
11-07-2023,27.06,76.97,40.36,81.79,53.83,86.83,67.36,93.37,80.67,109.16,83.96,237.27,70.98,264.08,57.45,271.61,43.96,276.86,30.6,281.67,17.47,286.67,,,,,,,,,,
12-07-2023,26.99,77.1,40.3,81.95,53.77,87.04,67.3,93.69,80.59,109.84,83.9,236.06,70.97,263.65,57.45,271.35,43.95,276.67,30.59,281.51,17.45,286.52,,,,,,,,,,
13-07-2023,26.92,77.24,40.23,82.11,53.71,87.26,67.24,94.03,80.51,110.56,83.84,234.84,70.96,263.21,57.45,271.08,43.94,276.47,30.57,281.34,17.43,286.37,,,,,,,,,,
14-07-2023,26.85,77.39,40.17,82.29,53.65,87.49,67.17,94.38,80.42,111.29,83.77,233.61,70.95,262.75,57.44,270.8,43.93,276.26,30.55,281.17,17.4,286.22,,,,,,,,,,
15-07-2023,26.78,77.54,40.1,82.47,53.58,87.73,67.11,94.74,80.33,112.06,83.69,232.38,70.93,262.28,57.42,270.51,43.91,276.04,30.53,280.99,17.36,286.06,,,,,,,,,,
16-07-2023,26.7,77.7,40.04,82.66,53.52,87.98,67.05,95.12,80.24,112.84,83.61,231.14,70.91,261.79,57.41,270.22,43.89,275.82,30.5,280.8,17.33,285.89,,,,,,,,,,
17-07-2023,26.63,77.86,39.97,82.86,53.46,88.24,66.98,95.52,80.15,113.65,83.51,229.91,70.88,261.28,57.39,269.91,43.87,275.59,30.47,280.61,17.29,285.72,,,,,,,,,,
18-07-2023,26.56,78.04,39.9,83.07,53.4,88.51,66.92,95.92,80.05,114.48,83.41,228.69,70.85,260.77,57.36,269.59,43.84,275.35,30.43,280.42,17.24,285.54,,,,,,,,,,
19-07-2023,26.48,78.22,39.84,83.28,53.34,88.79,66.85,96.35,79.95,115.33,83.3,227.49,70.81,260.23,57.33,269.26,43.81,275.11,30.39,280.21,17.19,285.36,,,,,,,,,,
20-07-2023,26.41,78.4,39.77,83.51,53.27,89.08,66.79,96.78,79.85,116.19,83.18,226.3,70.77,259.69,57.3,268.93,43.77,274.86,30.35,280,17.14,285.18,,,,,,,,,,
21-07-2023,26.33,78.6,39.71,83.74,53.21,89.37,66.72,97.23,79.74,117.08,83.05,225.13,70.72,259.13,57.26,268.58,43.73,274.6,30.3,279.79,17.08,284.99,,,,,,,,,,
22-07-2023,26.26,78.8,39.64,83.97,53.15,89.68,66.65,97.69,79.63,117.97,82.92,223.99,70.67,258.56,57.22,268.23,43.69,274.33,30.25,279.57,17.02,284.79,,,,,,,,,,
23-07-2023,26.19,79,39.57,84.22,53.09,90,66.58,98.16,79.52,118.89,82.77,222.87,70.61,257.98,57.17,267.87,43.64,274.06,30.19,279.35,16.95,284.59,,,,,,,,,,
24-07-2023,26.11,79.22,39.51,84.47,53.02,90.32,66.51,98.65,79.4,119.81,82.62,221.78,70.54,257.4,57.12,267.5,43.58,273.79,30.13,279.12,16.88,284.39,,,,,,,,,,
25-07-2023,26.04,79.44,39.44,84.73,52.96,90.66,66.44,99.15,79.28,120.74,82.46,220.73,70.47,256.8,57.06,267.12,43.53,273.51,30.07,278.88,16.8,284.18,,,,,,,,,,
26-07-2023,25.96,79.66,39.37,85,52.9,91,66.37,99.66,79.15,121.69,82.29,219.71,70.39,256.19,57,266.74,43.46,273.22,30,278.64,16.72,283.97,,,,,,,,,,
27-07-2023,25.89,79.9,39.31,85.27,52.83,91.35,66.3,100.18,79.02,122.64,82.11,218.72,70.31,255.58,56.93,266.35,43.4,272.92,29.93,278.4,16.64,283.75,,,,,,,,,,
28-07-2023,25.82,80.13,39.24,85.55,52.77,91.71,66.22,100.72,78.89,123.6,81.92,217.77,70.22,254.96,56.86,265.95,43.32,272.63,29.85,278.15,16.55,283.53,,,,,,,,,,
29-07-2023,25.74,80.38,39.17,85.84,52.7,92.08,66.14,101.26,78.75,124.57,81.73,216.85,70.12,254.33,56.78,265.55,43.25,272.32,29.76,277.9,16.46,283.31,,,,,,,,,,
30-07-2023,25.67,80.63,39.11,86.13,52.64,92.46,66.07,101.82,78.61,125.54,81.53,215.97,70.02,253.7,56.7,265.14,43.17,272.01,29.68,277.64,16.36,283.08,,,,,,,,,,
31-07-2023,25.59,80.88,39.04,86.43,52.57,92.84,65.99,102.38,78.46,126.52,81.32,215.13,69.91,253.06,56.61,264.73,43.08,271.7,29.59,277.38,16.26,282.85,,,,,,,,,,
01-08-2023,25.52,81.15,38.98,86.74,52.5,93.24,65.91,102.96,78.31,127.49,81.1,214.32,69.79,252.42,56.52,264.31,42.99,271.38,29.49,277.12,16.15,282.61,,,,,,,,,,
02-08-2023,25.45,81.41,38.91,87.05,52.44,93.64,65.82,103.54,78.15,128.47,80.88,213.54,69.67,251.78,56.42,263.88,42.9,271.06,29.39,276.85,16.04,282.37,,,,,,,,,,
03-08-2023,25.37,81.69,38.84,87.37,52.37,94.05,65.74,104.14,77.99,129.44,80.65,212.81,69.54,251.14,56.31,263.46,42.8,270.73,29.29,276.58,15.93,282.13,,,,,,,,,,
04-08-2023,25.3,81.97,38.78,87.7,52.3,94.46,65.65,104.74,77.82,130.42,80.41,212.1,69.4,250.5,56.21,263.02,42.69,270.4,29.18,276.3,15.81,281.89,,,,,,,,,,
05-08-2023,25.23,82.25,38.71,88.03,52.23,94.88,65.56,105.35,77.65,131.39,80.17,211.43,69.26,249.85,56.09,262.59,42.58,270.07,29.06,276.02,15.68,281.64,,,,,,,,,,
06-08-2023,25.15,82.54,38.64,88.37,52.16,95.31,65.47,105.97,77.47,132.36,79.92,210.79,69.11,249.21,55.97,262.15,42.47,269.73,28.94,275.74,15.56,281.39,,,,,,,,,,
07-08-2023,25.08,82.84,38.57,88.71,52.09,95.75,65.38,106.6,77.29,133.32,79.67,210.18,68.96,248.56,55.84,261.7,42.35,269.39,28.82,275.45,15.42,281.13,,,,,,,,,,
08-08-2023,25.01,83.14,38.51,89.06,52.02,96.2,65.28,107.24,77.11,134.28,79.4,209.6,68.79,247.92,55.71,261.26,42.22,269.05,28.69,275.17,15.29,280.87,,,,,,,,,,
09-08-2023,24.94,83.44,38.44,89.42,51.95,96.65,65.18,107.88,76.92,135.24,79.14,209.04,68.62,247.28,55.58,260.81,42.09,268.7,28.56,274.87,15.15,280.61,,,,,,,,,,
10-08-2023,24.86,83.75,38.37,89.78,51.88,97.1,65.08,108.53,76.72,136.18,78.86,208.52,68.45,246.65,55.43,260.36,41.96,268.35,28.43,274.58,15,280.35,,,,,,,,,,
11-08-2023,24.79,84.07,38.3,90.15,51.8,97.56,64.98,109.19,76.52,137.12,78.58,208.02,68.26,246.02,55.29,259.91,41.82,268,28.29,274.28,14.85,280.08,,,,,,,,,,
12-08-2023,24.72,84.39,38.23,90.52,51.73,98.03,64.87,109.85,76.31,138.05,78.3,207.55,68.07,245.39,55.13,259.45,41.68,267.64,28.14,273.98,14.7,279.82,,,,,,,,,,
13-08-2023,24.64,84.71,38.16,90.89,51.65,98.51,64.77,110.52,76.1,138.97,78.01,207.1,67.88,244.77,54.98,259,41.53,267.29,27.99,273.68,14.54,279.55,,,,,,,,,,
14-08-2023,24.57,85.04,38.1,91.28,51.57,98.99,64.65,111.19,75.88,139.88,77.71,206.68,67.68,244.15,54.81,258.54,41.38,266.93,27.84,273.38,14.38,279.27,,,,,,,,,,
15-08-2023,24.5,85.37,38.03,91.66,51.49,99.47,64.54,111.87,75.66,140.78,77.41,206.28,67.47,243.54,54.64,258.09,41.22,266.57,27.68,273.07,14.22,279,,,,,,,,,,
16-08-2023,24.43,85.71,37.95,92.05,51.41,99.97,64.42,112.55,75.44,141.66,77.1,205.9,67.25,242.93,54.47,257.63,41.06,266.21,27.52,272.76,14.05,278.72,,,,,,,,,,
17-08-2023,24.36,86.05,37.88,92.45,51.33,100.46,64.3,113.24,75.21,142.54,76.79,205.54,67.03,242.33,54.29,257.17,40.89,265.84,27.35,272.45,13.87,278.44,,,,,,,,,,
18-08-2023,24.28,86.4,37.81,92.85,51.25,100.96,64.18,113.93,74.97,143.41,76.48,205.2,66.81,241.74,54.1,256.72,40.72,265.48,27.18,272.14,13.7,278.16,,,,,,,,,,
19-08-2023,24.21,86.75,37.74,93.25,51.16,101.47,64.05,114.62,74.73,144.26,76.16,204.87,66.57,241.15,53.91,256.26,40.55,265.11,27.01,271.82,13.52,277.87,,,,,,,,,,
20-08-2023,24.14,87.11,37.67,93.66,51.07,101.98,63.92,115.31,74.48,145.1,75.84,204.57,66.33,240.57,53.72,255.81,40.37,264.74,26.83,271.51,13.33,277.59,,,,,,,,,,
21-08-2023,24.06,87.46,37.59,94.08,50.98,102.49,63.79,116.01,74.23,145.92,75.51,204.27,66.09,240,53.52,255.35,40.18,264.37,26.65,271.19,13.15,277.3,,,,,,,,,,
22-08-2023,23.99,87.83,37.52,94.49,50.89,103.01,63.65,116.71,73.98,146.74,75.18,204,65.84,239.44,53.31,254.9,39.99,264,26.47,270.87,12.96,277.01,,,,,,,,,,
23-08-2023,23.92,88.19,37.44,94.91,50.8,103.53,63.51,117.41,73.72,147.54,74.84,203.74,65.58,238.89,53.1,254.45,39.8,263.63,26.28,270.55,12.76,276.72,,,,,,,,,,
24-08-2023,23.84,88.56,37.37,95.34,50.71,104.06,63.36,118.12,73.45,148.33,74.5,203.49,65.32,238.34,52.88,253.99,39.6,263.26,26.08,270.23,12.57,276.43,,,,,,,,,,
25-08-2023,23.77,88.93,37.29,95.76,50.61,104.59,63.21,118.82,73.18,149.1,74.16,203.26,65.06,237.8,52.66,253.55,39.4,262.89,25.89,269.91,12.36,276.14,,,,,,,,,,
26-08-2023,23.7,89.31,37.21,96.2,50.51,105.12,63.06,119.52,72.91,149.86,73.81,203.04,64.78,237.27,52.44,253.1,39.2,262.52,25.69,269.59,12.16,275.84,,,,,,,,,,
27-08-2023,23.62,89.69,37.13,96.63,50.41,105.65,62.91,120.23,72.63,150.6,73.46,202.83,64.51,236.75,52.21,252.65,38.99,262.15,25.48,269.26,11.95,275.54,,,,,,,,,,
28-08-2023,23.55,90.07,37.05,97.07,50.31,106.19,62.75,120.93,72.35,151.34,73.11,202.63,64.23,236.23,51.98,252.21,38.77,261.78,25.28,268.94,11.74,275.25,,,,,,,,,,
29-08-2023,23.47,90.45,36.97,97.51,50.2,106.73,62.58,121.63,72.06,152.05,72.75,202.44,63.94,235.73,51.74,251.77,38.56,261.41,25.07,268.61,11.53,274.95,,,,,,,,,,
30-08-2023,23.4,90.84,36.89,97.95,50.1,107.27,62.42,122.33,71.77,152.76,72.39,202.26,63.65,235.23,51.5,251.33,38.34,261.04,24.85,268.29,11.32,274.65,,,,,,,,,,
31-08-2023,23.32,91.23,36.8,98.4,49.99,107.82,62.25,123.03,71.47,153.45,72.03,202.09,63.35,234.74,51.25,250.9,38.11,260.67,24.64,267.96,11.1,274.35,,,,,,,,,,
01-09-2023,23.24,91.62,36.72,98.84,49.87,108.36,62.07,123.72,71.17,154.12,71.66,201.92,63.05,234.26,51,250.46,37.89,260.3,24.42,267.63,10.88,274.04,,,,,,,,,,
02-09-2023,23.17,92.02,36.63,99.29,49.76,108.91,61.89,124.42,70.87,154.78,71.29,201.77,62.75,233.79,50.75,250.03,37.66,259.93,24.2,267.31,10.65,273.74,,,,,,,,,,
03-09-2023,23.09,92.42,36.54,99.74,49.64,109.46,61.71,125.11,70.56,155.43,70.92,201.62,62.44,233.33,50.49,249.61,37.42,259.56,23.97,266.98,10.43,273.44,,,,,,,,,,
04-09-2023,23.01,92.82,36.45,100.2,49.52,110.01,61.53,125.8,70.25,156.07,70.55,201.48,62.13,232.87,50.23,249.18,37.18,259.19,23.74,266.65,10.2,273.13,,,,,,,,,,
05-09-2023,22.93,93.22,36.36,100.65,49.4,110.56,61.34,126.48,69.94,156.69,70.17,201.35,61.82,232.43,49.96,248.76,36.94,258.83,23.51,266.32,9.97,272.83,,,,,,,,,,
06-09-2023,22.85,93.62,36.27,101.11,49.27,111.11,61.14,127.16,69.62,157.29,69.79,201.22,61.5,231.99,49.69,248.34,36.7,258.46,23.28,265.99,9.74,272.52,,,,,,,,,,
07-09-2023,22.77,94.02,36.17,101.57,49.15,111.66,60.94,127.83,69.3,157.89,69.41,201.1,61.18,231.55,49.42,247.93,36.46,258.1,23.05,265.67,9.51,272.21,,,,,,,,,,
08-09-2023,22.68,94.43,36.08,102.03,49.02,112.21,60.74,128.51,68.98,158.47,69.03,200.98,60.85,231.13,49.14,247.52,36.21,257.73,22.81,265.34,9.27,271.9,,,,,,,,,,
09-09-2023,22.6,94.84,35.98,102.49,48.88,112.76,60.54,129.17,68.65,159.03,68.65,200.87,60.53,230.71,48.87,247.11,35.96,257.37,22.57,265.01,9.03,271.59,,,,,,,,,,
10-09-2023,22.52,95.25,35.88,102.95,48.75,113.31,60.33,129.83,68.32,159.59,68.26,200.76,60.2,230.31,48.59,246.7,35.7,257.01,22.33,264.68,8.8,271.28,,,,,,,,,,
11-09-2023,22.43,95.66,35.78,103.42,48.61,113.86,60.11,130.49,67.99,160.13,67.87,200.66,59.86,229.9,48.3,246.3,35.45,256.65,22.09,264.35,8.56,270.97,,,,,,,,,,
12-09-2023,22.35,96.07,35.67,103.88,48.47,114.41,59.9,131.14,67.65,160.66,67.49,200.56,59.53,229.51,48.02,245.9,35.19,256.29,21.84,264.02,8.31,270.66,,,,,,,,,,
13-09-2023,22.26,96.48,35.57,104.35,48.32,114.96,59.68,131.78,67.31,161.17,67.1,200.46,59.19,229.12,47.73,245.51,34.93,255.93,21.6,263.69,8.07,270.35,,,,,,,,,,
14-09-2023,22.17,96.9,35.46,104.81,48.17,115.51,59.45,132.42,66.97,161.67,66.7,200.37,58.85,228.74,47.44,245.12,34.67,255.57,21.35,263.36,7.83,270.04,,,,,,,,,,
15-09-2023,22.08,97.31,35.35,105.27,48.02,116.05,59.22,133.05,66.63,162.16,66.31,200.28,58.5,228.36,47.14,244.73,34.4,255.22,21.1,263.04,7.58,269.73,,,,,,,,,,
16-09-2023,21.99,97.73,35.24,105.74,47.87,116.6,58.99,133.67,66.28,162.64,65.92,200.19,58.16,228,46.85,244.34,34.14,254.86,20.85,262.71,7.34,269.42,,,,,,,,,,
17-09-2023,21.9,98.14,35.13,106.2,47.71,117.14,58.76,134.29,65.94,163.11,65.52,200.1,57.81,227.63,46.55,243.96,33.87,254.51,20.6,262.38,7.09,269.1,,,,,,,,,,
18-09-2023,21.8,98.56,35.01,106.67,47.55,117.68,58.52,134.9,65.59,163.56,65.13,200.02,57.47,227.28,46.25,243.58,33.6,254.16,20.34,262.06,6.84,268.79,,,,,,,,,,
19-09-2023,21.71,98.97,34.89,107.13,47.39,118.21,58.28,135.5,65.23,164,64.73,199.94,57.12,226.93,45.95,243.21,33.33,253.81,20.09,261.73,6.6,268.48,,,,,,,,,,
20-09-2023,21.61,99.39,34.77,107.59,47.23,118.75,58.03,136.09,64.88,164.43,64.34,199.86,56.77,226.58,45.65,242.84,33.06,253.46,19.84,261.4,6.35,268.16,,,,,,,,,,
21-09-2023,21.52,99.8,34.65,108.05,47.06,119.28,57.78,136.68,64.52,164.85,63.94,199.78,56.41,226.24,45.35,242.47,32.79,253.11,19.58,261.08,6.1,267.85,,,,,,,,,,
22-09-2023,21.42,100.22,34.53,108.51,46.89,119.81,57.53,137.26,64.17,165.26,63.54,199.7,56.06,225.91,45.04,242.1,32.52,252.77,19.33,260.75,5.85,267.53,,,,,,,,,,
23-09-2023,21.32,100.63,34.4,108.97,46.71,120.33,57.28,137.83,63.81,165.66,63.14,199.62,55.71,225.58,44.74,241.74,32.24,252.42,19.07,260.43,5.61,267.22,,,,,,,,,,
24-09-2023,21.21,101.04,34.27,109.43,46.54,120.85,57.02,138.39,63.45,166.04,62.75,199.55,55.35,225.26,44.43,241.38,31.97,252.08,18.82,260.1,5.36,266.91,,,,,,,,,,
25-09-2023,21.11,101.46,34.14,109.88,46.36,121.37,56.76,138.94,63.08,166.42,62.35,199.47,55,224.94,44.12,241.03,31.69,251.74,18.56,259.78,5.11,266.59,,,,,,,,,,
26-09-2023,21,101.87,34.01,110.34,46.17,121.88,56.5,139.48,62.72,166.78,61.95,199.4,54.64,224.62,43.81,240.67,31.42,251.4,18.3,259.46,4.87,266.28,,,,,,,,,,
27-09-2023,20.9,102.28,33.87,110.79,45.99,122.39,56.23,140.02,62.36,167.14,61.56,199.33,54.29,224.31,43.51,240.32,31.14,251.06,18.05,259.14,4.62,265.96,,,,,,,,,,
28-09-2023,20.79,102.69,33.73,111.24,45.8,122.9,55.96,140.55,61.99,167.48,61.16,199.25,53.93,224.01,43.2,239.98,30.87,250.73,17.79,258.81,4.37,265.65,,,,,,,,,,
29-09-2023,20.68,103.1,33.59,111.69,45.61,123.4,55.69,141.06,61.63,167.81,60.76,199.18,53.57,223.71,42.89,239.63,30.59,250.39,17.54,258.49,4.13,265.33,,,,,,,,,,
30-09-2023,20.57,103.51,33.45,112.13,45.42,123.89,55.41,141.57,61.26,168.14,60.37,199.11,53.22,223.41,42.58,239.29,30.32,250.06,17.29,258.17,3.89,265.02,,,,,,,,,,
01-10-2023,20.45,103.91,33.31,112.57,45.22,124.38,55.14,142.07,60.9,168.45,59.97,199.03,52.86,223.12,42.27,238.95,30.04,249.73,17.03,257.85,3.64,264.7,,,,,,,,,,
02-10-2023,20.34,104.32,33.16,113.01,45.02,124.87,54.86,142.56,60.53,168.75,59.58,198.96,52.51,222.83,41.97,238.62,29.77,249.4,16.78,257.54,3.4,264.39,,,,,,,,,,
03-10-2023,20.22,104.72,33.01,113.45,44.82,125.35,54.58,143.04,60.16,169.05,59.18,198.88,52.15,222.54,41.66,238.29,29.5,249.07,16.53,257.22,3.16,264.07,,,,,,,,,,
04-10-2023,20.1,105.12,32.86,113.88,44.61,125.82,54.3,143.52,59.79,169.33,58.79,198.81,51.8,222.26,41.35,237.96,29.22,248.74,16.28,256.9,2.93,263.76,,,,,,,,,,
05-10-2023,19.98,105.52,32.7,114.31,44.41,126.29,54.01,143.98,59.43,169.61,58.4,198.73,51.45,221.98,41.05,237.63,28.95,248.42,16.03,256.59,2.69,263.45,,,,,,,,,,
06-10-2023,19.85,105.91,32.55,114.74,44.2,126.75,53.73,144.43,59.06,169.87,58.01,198.66,51.1,221.7,40.74,237.3,28.68,248.1,15.78,256.27,2.46,263.13,,,,,,,,,,
07-10-2023,19.73,106.31,32.39,115.16,43.99,127.21,53.44,144.88,58.69,170.13,57.62,198.58,50.75,221.43,40.44,236.98,28.41,247.78,15.54,255.96,2.22,262.82,,,,,,,,,,
08-10-2023,19.6,106.7,32.23,115.58,43.77,127.66,53.15,145.31,58.33,170.38,57.24,198.5,50.4,221.16,40.13,236.66,28.15,247.46,15.29,255.64,1.99,262.51,,,,,,,,,,
09-10-2023,19.48,107.09,32.07,116,43.56,128.1,52.86,145.73,57.96,170.61,56.85,198.42,50.05,220.89,39.83,236.35,27.88,247.14,15.05,255.33,1.76,262.19,,,,,,,,,,
10-10-2023,19.35,107.47,31.9,116.41,43.34,128.54,52.56,146.15,57.59,170.84,56.47,198.34,49.71,220.63,39.53,236.03,27.62,246.82,14.81,255.02,1.54,261.88,,,,,,,,,,
11-10-2023,19.21,107.85,31.74,116.82,43.12,128.97,52.27,146.55,57.23,171.07,56.09,198.26,49.36,220.37,39.23,235.72,27.35,246.51,14.57,254.71,1.31,261.57,,,,,,,,,,
12-10-2023,19.08,108.23,31.57,117.22,42.9,129.4,51.98,146.95,56.87,171.28,55.71,198.18,49.02,220.11,38.94,235.41,27.09,246.19,14.33,254.4,1.09,261.26,,,,,,,,,,
13-10-2023,18.94,108.61,31.4,117.62,42.67,129.82,51.68,147.34,56.5,171.48,55.33,198.1,48.68,219.85,38.64,235.1,26.83,245.88,14.1,254.09,0.87,260.95,,,,,,,,,,
14-10-2023,18.81,108.98,31.22,118.01,42.45,130.23,51.38,147.71,56.14,171.68,54.96,198.01,48.34,219.59,38.35,234.8,26.58,245.57,13.87,253.78,0.66,260.64,,,,,,,,,,
15-10-2023,18.67,109.35,31.05,118.4,42.22,130.63,51.09,148.08,55.78,171.87,54.59,197.93,48.01,219.34,38.06,234.49,26.32,245.26,13.64,253.48,0.45,260.33,,,,,,,,,,
16-10-2023,18.53,109.71,30.87,118.78,41.99,131.03,50.79,148.44,55.42,172.05,54.22,197.84,47.67,219.09,37.77,234.19,26.07,244.96,13.41,253.17,0.24,260.02,,,,,,,,,,
17-10-2023,18.38,110.08,30.69,119.16,41.76,131.42,50.49,148.79,55.06,172.22,53.85,197.75,47.34,218.84,37.49,233.89,25.82,244.65,13.19,252.87,0.03,259.72,,,,,,,,,,
18-10-2023,18.24,110.43,30.51,119.54,41.53,131.8,50.19,149.13,54.71,172.38,53.48,197.66,47.02,218.59,37.2,233.6,25.58,244.35,12.97,252.57,-0.17,259.41,,,,,,,,,,
19-10-2023,18.09,110.79,30.33,119.9,41.29,132.18,49.89,149.46,54.35,172.54,53.12,197.57,46.69,218.35,36.92,233.3,25.33,244.05,12.75,252.27,-0.37,259.1,,,,,,,,,,
20-10-2023,17.94,111.14,30.15,120.27,41.06,132.55,49.6,149.78,54,172.69,52.76,197.47,46.37,218.1,36.65,233.01,25.09,243.75,12.54,251.97,-0.57,258.8,,,,,,,,,,
21-10-2023,17.8,111.48,29.96,120.62,40.82,132.91,49.3,150.09,53.65,172.83,52.41,197.38,46.05,217.86,36.37,232.72,24.85,243.45,12.33,251.67,-0.76,258.5,,,,,,,,,,
22-10-2023,17.64,111.82,29.77,120.98,40.59,133.26,49,150.39,53.3,172.96,52.06,197.28,45.74,217.62,36.1,232.43,24.62,243.15,12.12,251.37,--,--,,,,,,,,,,
23-10-2023,17.49,112.16,29.58,121.32,40.35,133.61,48.7,150.68,52.95,173.09,51.71,197.18,45.42,217.38,35.83,232.15,24.39,242.86,11.91,251.08,--,--,,,,,,,,,,
24-10-2023,17.34,112.49,29.39,121.66,40.11,133.95,48.4,150.96,52.61,173.21,51.36,197.08,45.11,217.15,35.57,231.86,24.16,242.57,11.71,250.78,--,--,,,,,,,,,,
25-10-2023,17.18,112.82,29.2,122,39.87,134.28,48.11,151.24,52.27,173.32,51.02,196.98,44.81,216.91,35.31,231.58,23.94,242.27,11.52,250.49,--,--,,,,,,,,,,
26-10-2023,17.02,113.14,29.01,122.32,39.63,134.6,47.81,151.5,51.93,173.42,50.68,196.88,44.51,216.67,35.05,231.3,23.72,241.99,11.32,250.2,--,--,,,,,,,,,,
27-10-2023,16.87,113.45,28.82,122.65,39.39,134.91,47.52,151.76,51.59,173.52,50.35,196.77,44.21,216.44,34.8,231.02,23.5,241.7,11.14,249.91,--,--,,,,,,,,,,
28-10-2023,16.71,113.77,28.62,122.96,39.15,135.22,47.22,152.01,51.26,173.61,50.02,196.66,43.92,216.21,34.55,230.75,23.29,241.41,10.95,249.62,--,--,,,,,,,,,,
29-10-2023,16.54,114.07,28.43,123.27,38.91,135.52,46.93,152.24,50.93,173.7,49.69,196.55,43.63,215.98,34.3,230.47,23.08,241.13,10.77,249.34,--,--,,,,,,,,,,
30-10-2023,16.38,114.37,28.23,123.57,38.67,135.81,46.64,152.47,50.6,173.77,49.37,196.44,43.34,215.75,34.06,230.2,22.87,240.85,10.59,249.05,--,--,,,,,,,,,,
31-10-2023,16.22,114.67,28.03,123.87,38.43,136.09,46.35,152.69,50.28,173.84,49.05,196.33,43.06,215.52,33.82,229.93,22.67,240.57,10.42,248.77,--,--,,,,,,,,,,
01-11-2023,16.05,114.96,27.83,124.16,38.18,136.37,46.06,152.9,49.96,173.91,48.73,196.21,42.78,215.29,33.59,229.66,22.48,240.29,10.25,248.49,--,--,,,,,,,,,,
02-11-2023,15.89,115.24,27.63,124.44,37.94,136.63,45.77,153.1,49.64,173.97,48.43,196.1,42.51,215.07,33.36,229.4,22.28,240.02,10.09,248.21,--,--,,,,,,,,,,
03-11-2023,15.72,115.52,27.44,124.72,37.7,136.89,45.49,153.3,49.33,174.02,48.12,195.98,42.25,214.84,33.14,229.13,22.1,239.74,9.93,247.94,--,--,,,,,,,,,,
04-11-2023,15.55,115.79,27.24,124.99,37.46,137.14,45.21,153.48,49.02,174.06,47.82,195.86,41.98,214.62,32.92,228.87,21.91,239.47,9.78,247.67,--,--,,,,,,,,,,
05-11-2023,15.38,116.06,27.04,125.25,37.22,137.39,44.92,153.66,48.71,174.1,47.52,195.74,41.72,214.39,32.7,228.61,21.74,239.2,9.63,247.39,--,--,,,,,,,,,,
06-11-2023,15.22,116.32,26.83,125.5,36.98,137.62,44.65,153.83,48.41,174.14,47.23,195.61,41.47,214.17,32.49,228.35,21.56,238.94,9.48,247.13,--,--,,,,,,,,,,
07-11-2023,15.04,116.58,26.63,125.75,36.75,137.85,44.37,153.99,48.11,174.16,46.95,195.49,41.22,213.95,32.29,228.09,21.39,238.67,9.34,246.86,--,--,,,,,,,,,,
08-11-2023,14.87,116.83,26.43,125.99,36.51,138.06,44.1,154.14,47.82,174.19,46.67,195.36,40.98,213.73,32.09,227.84,21.23,238.41,9.21,246.6,--,--,,,,,,,,,,
09-11-2023,14.7,117.07,26.23,126.23,36.27,138.27,43.83,154.28,47.53,174.2,46.39,195.23,40.74,213.51,31.89,227.59,21.07,238.15,9.08,246.33,--,--,,,,,,,,,,
10-11-2023,14.53,117.31,26.03,126.45,36.04,138.47,43.56,154.42,47.25,174.21,46.12,195.1,40.51,213.3,31.71,227.34,20.92,237.9,8.95,246.08,--,--,,,,,,,,,,
11-11-2023,14.36,117.53,25.83,126.67,35.81,138.67,43.29,154.54,46.96,174.22,45.86,194.97,40.29,213.08,31.52,227.09,20.77,237.64,8.83,245.82,--,--,,,,,,,,,,
12-11-2023,14.19,117.76,25.63,126.89,35.57,138.85,43.03,154.66,46.69,174.21,45.6,194.84,40.07,212.86,31.34,226.85,20.63,237.39,8.72,245.57,--,--,,,,,,,,,,
13-11-2023,14.01,117.97,25.43,127.09,35.34,139.03,42.77,154.78,46.42,174.21,45.34,194.7,39.85,212.65,31.17,226.6,20.49,237.14,8.61,245.32,--,--,,,,,,,,,,
14-11-2023,13.84,118.18,25.23,127.29,35.12,139.2,42.52,154.88,46.15,174.2,45.09,194.57,39.64,212.44,31,226.36,20.36,236.9,8.51,245.07,--,--,,,,,,,,,,
15-11-2023,13.67,118.39,25.04,127.48,34.89,139.36,42.26,154.97,45.89,174.18,44.85,194.43,39.44,212.22,30.84,226.12,20.23,236.65,8.41,244.83,--,--,,,,,,,,,,
16-11-2023,13.5,118.58,24.84,127.66,34.67,139.51,42.02,155.06,45.63,174.16,44.62,194.29,39.24,212.01,30.68,225.89,20.11,236.41,8.32,244.58,--,--,,,,,,,,,,
17-11-2023,13.32,118.77,24.64,127.84,34.44,139.66,41.77,155.14,45.38,174.13,44.38,194.15,39.05,211.8,30.53,225.65,20,236.18,8.23,244.35,--,--,,,,,,,,,,
18-11-2023,13.15,118.96,24.45,128,34.22,139.8,41.53,155.22,45.14,174.1,44.16,194.01,38.86,211.59,30.39,225.42,19.89,235.94,8.15,244.11,--,--,,,,,,,,,,
19-11-2023,12.98,119.13,24.25,128.16,34.01,139.93,41.29,155.28,44.9,174.06,43.94,193.86,38.68,211.39,30.25,225.19,19.78,235.71,8.07,243.88,--,--,,,,,,,,,,
20-11-2023,12.81,119.3,24.06,128.32,33.79,140.05,41.06,155.34,44.66,174.02,43.73,193.72,38.51,211.18,30.12,224.97,19.68,235.48,8,243.66,--,--,,,,,,,,,,
21-11-2023,12.64,119.47,23.87,128.46,33.58,140.16,40.83,155.39,44.43,173.97,43.52,193.57,38.34,210.98,29.99,224.74,19.59,235.26,7.93,243.43,--,--,,,,,,,,,,
22-11-2023,12.47,119.62,23.68,128.6,33.37,140.27,40.61,155.43,44.21,173.92,43.32,193.42,38.18,210.77,29.87,224.52,19.5,235.04,7.87,243.21,--,--,,,,,,,,,,
23-11-2023,12.3,119.77,23.49,128.73,33.16,140.37,40.38,155.47,43.99,173.86,43.13,193.27,38.03,210.57,29.75,224.3,19.42,234.82,7.82,243,--,--,,,,,,,,,,
24-11-2023,12.13,119.91,23.31,128.85,32.96,140.46,40.17,155.5,43.78,173.8,42.94,193.12,37.88,210.37,29.65,224.09,19.35,234.6,7.77,242.78,--,--,,,,,,,,,,
25-11-2023,11.96,120.04,23.12,128.97,32.76,140.54,39.96,155.52,43.57,173.74,42.76,192.97,37.74,210.17,29.54,223.88,19.28,234.39,7.72,242.58,--,--,,,,,,,,,,
26-11-2023,11.79,120.17,22.94,129.08,32.56,140.61,39.75,155.54,43.37,173.67,42.59,192.82,37.6,209.97,29.45,223.67,19.22,234.18,7.69,242.37,--,--,,,,,,,,,,
27-11-2023,11.63,120.29,22.76,129.18,32.37,140.68,39.55,155.55,43.18,173.59,42.42,192.67,37.47,209.78,29.36,223.46,19.16,233.98,7.65,242.17,--,--,,,,,,,,,,
28-11-2023,11.47,120.4,22.59,129.27,32.18,140.74,39.35,155.55,42.99,173.52,42.26,192.52,37.35,209.59,29.27,223.26,19.11,233.78,7.63,241.98,--,--,,,,,,,,,,
29-11-2023,11.3,120.51,22.41,129.36,31.99,140.79,39.16,155.55,42.81,173.43,42.11,192.36,37.24,209.39,29.2,223.06,19.06,233.59,7.61,241.79,--,--,,,,,,,,,,
30-11-2023,11.14,120.6,22.24,129.43,31.81,140.84,38.98,155.54,42.63,173.35,41.96,192.21,37.13,209.2,29.13,222.86,19.02,233.39,7.59,241.6,--,--,,,,,,,,,,
01-12-2023,10.98,120.7,22.07,129.5,31.63,140.88,38.79,155.52,42.46,173.26,41.82,192.05,37.03,209.01,29.06,222.67,18.99,233.21,7.58,241.42,--,--,,,,,,,,,,
02-12-2023,10.83,120.78,21.9,129.57,31.45,140.91,38.62,155.5,42.3,173.17,41.69,191.9,36.94,208.83,29.01,222.48,18.96,233.02,7.58,241.24,--,--,,,,,,,,,,
03-12-2023,10.67,120.85,21.74,129.62,31.28,140.93,38.45,155.47,42.14,173.07,41.56,191.74,36.85,208.64,28.95,222.29,18.94,232.84,7.58,241.07,--,--,,,,,,,,,,
04-12-2023,10.52,120.92,21.57,129.67,31.12,140.95,38.28,155.44,41.99,172.97,41.44,191.59,36.77,208.46,28.91,222.11,18.92,232.67,7.58,240.9,--,--,,,,,,,,,,
05-12-2023,10.37,120.99,21.42,129.71,30.95,140.96,38.12,155.4,41.85,172.87,41.33,191.43,36.69,208.28,28.87,221.93,18.91,232.5,7.59,240.74,--,--,,,,,,,,,,
06-12-2023,10.22,121.04,21.26,129.75,30.8,140.96,37.97,155.35,41.71,172.76,41.23,191.27,36.63,208.1,28.84,221.75,18.91,232.33,7.61,240.58,--,--,,,,,,,,,,
07-12-2023,10.07,121.09,21.11,129.77,30.64,140.95,37.82,155.3,41.59,172.65,41.13,191.11,36.57,207.93,28.81,221.58,18.91,232.17,7.63,240.43,--,--,,,,,,,,,,
08-12-2023,9.93,121.13,20.96,129.79,30.49,140.94,37.68,155.24,41.46,172.54,41.04,190.96,36.52,207.76,28.8,221.41,18.92,232.02,7.66,240.28,--,--,,,,,,,,,,
09-12-2023,9.78,121.16,20.82,129.81,30.35,140.92,37.54,155.18,41.35,172.42,40.96,190.8,36.47,207.59,28.78,221.25,18.93,231.86,7.69,240.14,--,--,,,,,,,,,,
10-12-2023,9.65,121.18,20.68,129.81,30.21,140.9,37.41,155.11,41.24,172.3,40.88,190.64,36.43,207.42,28.78,221.09,18.95,231.72,7.73,240.01,--,--,,,,,,,,,,
11-12-2023,9.51,121.2,20.54,129.81,30.08,140.87,37.29,155.04,41.14,172.18,40.82,190.49,36.4,207.25,28.78,220.93,18.97,231.58,7.77,239.88,--,--,,,,,,,,,,
12-12-2023,9.38,121.21,20.41,129.8,29.95,140.83,37.17,154.96,41.04,172.05,40.76,190.33,36.38,207.09,28.78,220.78,19,231.44,7.82,239.75,--,--,,,,,,,,,,
13-12-2023,9.25,121.22,20.28,129.78,29.82,140.79,37.06,154.87,40.96,171.93,40.7,190.17,36.36,206.93,28.8,220.64,19.04,231.31,7.88,239.63,--,--,,,,,,,,,,
14-12-2023,9.12,121.22,20.15,129.76,29.7,140.73,36.96,154.79,40.88,171.8,40.66,190.02,36.35,206.77,28.82,220.49,19.08,231.18,7.93,239.52,--,--,,,,,,,,,,
15-12-2023,8.99,121.21,20.03,129.73,29.59,140.68,36.86,154.69,40.81,171.66,40.62,189.86,36.35,206.62,28.84,220.36,19.13,231.06,8,239.41,--,--,,,,,,,,,,
16-12-2023,8.87,121.19,19.91,129.7,29.48,140.61,36.77,154.59,40.74,171.53,40.59,189.71,36.35,206.47,28.88,220.22,19.18,230.95,8.07,239.31,--,--,,,,,,,,,,
17-12-2023,8.76,121.16,19.8,129.65,29.38,140.55,36.68,154.49,40.68,171.39,40.57,189.55,36.37,206.32,28.92,220.09,19.24,230.84,8.14,239.22,--,--,,,,,,,,,,
18-12-2023,8.64,121.13,19.69,129.6,29.28,140.47,36.6,154.38,40.63,171.25,40.55,189.4,36.38,206.18,28.96,219.97,19.31,230.73,8.22,239.13,--,--,,,,,,,,,,
19-12-2023,8.53,121.1,19.59,129.55,29.19,140.39,36.53,154.27,40.59,171.11,40.54,189.25,36.41,206.04,29.01,219.85,19.38,230.64,8.3,239.05,--,--,,,,,,,,,,
20-12-2023,8.43,121.05,19.49,129.49,29.1,140.3,36.46,154.15,40.55,170.97,40.54,189.1,36.44,205.9,29.07,219.74,19.45,230.54,8.38,238.97,--,--,,,,,,,,,,
21-12-2023,8.32,121,19.4,129.42,29.02,140.21,36.41,154.03,40.52,170.82,40.55,188.95,36.48,205.77,29.13,219.63,19.53,230.46,8.48,238.9,--,--,,,,,,,,,,
22-12-2023,8.23,120.94,19.31,129.34,28.95,140.11,36.35,153.9,40.5,170.67,40.57,188.8,36.53,205.64,29.2,219.53,19.62,230.38,8.57,238.84,--,--,,,,,,,,,,
23-12-2023,8.13,120.88,19.22,129.26,28.88,140.01,36.31,153.77,40.49,170.52,40.59,188.65,36.58,205.51,29.28,219.43,19.71,230.3,8.67,238.78,--,--,,,,,,,,,,
24-12-2023,8.04,120.8,19.14,129.17,28.82,139.9,36.27,153.64,40.48,170.37,40.62,188.5,36.64,205.39,29.36,219.34,19.8,230.24,8.77,238.73,--,--,,,,,,,,,,
25-12-2023,7.96,120.73,19.07,129.08,28.76,139.78,36.24,153.5,40.48,170.22,40.65,188.36,36.71,205.27,29.45,219.25,19.9,230.17,8.88,238.69,--,--,,,,,,,,,,
26-12-2023,7.87,120.64,19,128.98,28.71,139.66,36.21,153.36,40.49,170.07,40.7,188.22,36.78,205.16,29.54,219.17,20.01,230.12,8.99,238.65,--,--,,,,,,,,,,
27-12-2023,7.8,120.55,18.94,128.87,28.66,139.54,36.19,153.21,40.51,169.91,40.75,188.08,36.86,205.05,29.64,219.09,20.12,230.07,9.11,238.62,--,--,,,,,,,,,,
28-12-2023,7.72,120.45,18.88,128.76,28.62,139.41,36.18,153.06,40.53,169.76,40.81,187.94,36.95,204.95,29.75,219.02,20.23,230.03,9.23,238.6,--,--,,,,,,,,,,
29-12-2023,7.66,120.35,18.82,128.64,28.59,139.27,36.18,152.91,40.56,169.6,40.88,187.8,37.05,204.85,29.86,218.96,20.35,229.99,9.35,238.58,--,--,,,,,,,,,,
30-12-2023,7.59,120.24,18.78,128.52,28.56,139.13,36.18,152.75,40.6,169.44,40.95,187.66,37.15,204.75,29.97,218.9,20.48,229.96,9.48,238.57,--,--,,,,,,,,,,
31-12-2023,7.53,120.13,18.73,128.39,28.54,138.98,36.19,152.6,40.65,169.28,41.03,187.53,37.25,204.66,30.1,218.85,20.6,229.94,9.61,238.57,--,--,,,,,,,,,,
01-01-2024,7.46,119.97,18.69,128.23,28.53,138.8,36.21,152.39,40.72,169.08,41.14,187.36,37.4,204.55,30.26,218.79,20.77,229.92,9.77,238.57,--,--,,,,,,,,,,
